[
  {
    "id": "tanium",
    "version": "7.5.10.0000",
    "artifact": "https://artifacts.example.org/agents/tanium-client-7.5.10-0000.rpm",
    "sha256": "<REPLACE_WITH_SHA256>",
    "sizeMB": 60,
    "stage": true,
    "envSelectors": [
      "Stage",
      "Prod"
    ],
    "notes": "Stage-only; enrollment post-deploy via Ansible + AKV."
  },
  {
    "id": "crowdstrike",
    "version": "7.00.15202",
    "artifact": "https://artifacts.example.org/agents/falcon-sensor.rpm",
    "sha256": "<REPLACE_WITH_SHA256>",
    "sizeMB": 80,
    "stage": true,
    "envSelectors": [
      "Stage",
      "Prod"
    ],
    "notes": "Stage-only; CID/policy post-deploy."
  },
  {
    "id": "splunkuf",
    "version": "9.2.2",
    "artifact": "https://artifacts.example.org/agents/splunkforwarder-9.2.2.rpm",
    "sha256": "<REPLACE_WITH_SHA256>",
    "sizeMB": 190,
    "stage": true,
    "envSelectors": [
      "Dev",
      "Stage",
      "Prod"
    ]
  },
  {
    "id": "checkmk",
    "version": "2.3.0p5",
    "artifact": "https://artifacts.example.org/agents/checkmk-agent-2.3.0p5.rpm",
    "sha256": "<REPLACE_WITH_SHA256>",
    "sizeMB": 40,
    "stage": true,
    "envSelectors": [
      "Stage",
      "Prod"
    ]
  },
  {
    "id": "appdynamics",
    "version": "24.6.1",
    "artifact": "https://artifacts.example.org/agents/appdynamics-machine-agent-24.6.1.rpm",
    "sha256": "<REPLACE_WITH_SHA256>",
    "sizeMB": 500,
    "stage": false,
    "envSelectors": [
      "Prod"
    ],
    "notes": "Large footprint; prefer post-deploy pull unless required."
  }
]