{
  "variables": {
    "subscription_id": "{{ env `AZ_SUBSCRIPTION_ID` }}",
    "tenant_id": "{{ env `AZ_TENANT_ID` }}",
    "location": "eastus",
    "sig_rg": "rg-sig",
    "sig_name": "molina-gallery",
    "image_name": "Win2022-SQLEnterprise",
    "image_version": "{{ isotime `20060102` }}.{{ env `BUILD_ID` }}",
    "winrm_cert_pem": "{{ env `WINRM_CERT_PEM` }}",
    "winrm_private_key_pem": "{{ env `WINRM_PRIVKEY_PEM` }}",
    "azure_tags_json": "{\"Automation-Method\": \"Ansible\", \"Lifecycle\": \"Active\", \"BuildType\": \"SQL2022\", \"Edition\": \"Enterprise\"}"
  },
  "builders": [
    {
      "type": "azure-arm",
      "use_azure_cli": true,
      "tenant_id": "{{user `tenant_id`}}",
      "subscription_id": "{{user `subscription_id`}}",
      "os_type": "Windows",
      "image_publisher": "MicrosoftWindowsServer",
      "image_offer": "WindowsServer",
      "image_sku": "2022-datacenter",
      "location": "{{user `location`}}",
      "vm_size": "Standard_D4s_v5",
      "communicator": "winrm",
      "winrm_use_ssl": true,
      "winrm_insecure": false,
      "winrm_timeout": "2h",
      "winrm_cert_pem": "{{user `winrm_cert_pem`}}",
      "winrm_private_key_pem": "{{user `winrm_private_key_pem`}}",
      "azure_tags": "{{user `azure_tags_json`}}",
      "shared_image_gallery_destination": {
        "resource_group": "{{user `sig_rg`}}",
        "gallery_name": "{{user `sig_name`}}",
        "image_name": "{{user `image_name`}}",
        "image_version": "{{user `image_version`}}",
        "replication_regions": [
          "eastus",
          "centralus",
          "westus2"
        ],
        "storage_account_type": "Standard_LRS"
      }
    }
  ],
  "provisioners": [
    {
      "type": "powershell",
      "environment_vars": [
        "SQL_EDITION=Enterprise",
        "ARTIFACT_MANIFEST=C:\\\\Stage\\\\manifest.json"
      ],
      "scripts": [
        "{{template_dir}}/../../common/scripts/00_prereq.ps1",
        "{{template_dir}}/../../common/scripts/10_hardening.ps1",
        "{{template_dir}}/../../common/scripts/20_prestage.ps1",
        "{{template_dir}}/../../common/scripts/99_sysprep.ps1"
      ]
    }
  ]
}