[
  {
    "name": "NDP481-Web.exe",
    
        
        "url": "https://deployswstore.blob.core.windows.net/swrepo/NDP481-Web.exe?sp=racwl&st=2025-09-29T11:03:37Z&se=2025-10-31T19:18:37Z&spr=https&sv=2024-11-04&sr=c&sig=rRsYMXHAvAzEGlSZRcuJ5v5%2BQ3gwr9pahftFdoLqBBQ%3D",
    
        
        "sha256": "05E9ADA305FD0013A6844E7657F06ED330887093E3DF59C11CB528B86EFA3FBF",
    
        
        "authenticode": true
  },
  
   
   {
    "name": "gpo-bkp.zip",
    
        
        "url": "https://deployswstore.blob.core.windows.net/swrepo/gpo-bkp.zip?sp=racwl&st=2025-09-29T11:03:37Z&se=2025-10-31T19:18:37Z&spr=https&sv=2024-11-04&sr=c&sig=rRsYMXHAvAzEGlSZRcuJ5v5%2BQ3gwr9pahftFdoLqBBQ%3D",
    
        
        "sha256": "530141C251E01FEFEB8894CBC63C2E5C7C3A18BEA048829C2F36676C4A55CA8C",
    
        
        "authenticode": true
  },
    
   {
    "name": "check-mk-agent-2.3.0p30_latest.msi",
    
        
        "url": "https://deployswstore.blob.core.windows.net/swrepo/check-mk-agent-2.3.0p30_latest.msi?sp=racwl&st=2025-09-29T11:03:37Z&se=2025-10-31T19:18:37Z&spr=https&sv=2024-11-04&sr=c&sig=rRsYMXHAvAzEGlSZRcuJ5v5%2BQ3gwr9pahftFdoLqBBQ%3D",
    
        
        "sha256": "530141C251E01FEFEB8894CBC63C2E5C7C3A18BEA048829C2F36676C4A55CA8C",
    
        
        "authenticode": true
  },
  
   {
    "name": "SQLServer_DEV_2022.zip",
    
        
        "url": "https://deployswstore.blob.core.windows.net/swrepo/SQLServer_DEV_2022.zip?sp=racwl&st=2025-09-29T11:03:37Z&se=2025-10-31T19:18:37Z&spr=https&sv=2024-11-04&sr=c&sig=rRsYMXHAvAzEGlSZRcuJ5v5%2BQ3gwr9pahftFdoLqBBQ%3D",
    
        
        "sha256": "530141C251E01FEFEB8894CBC63C2E5C7C3A18BEA048829C2F36676C4A55CA8C",
    
        
        "authenticode": true
  },
 
   {
    "name": "TaniumSetupClient.exe",
    
         
        "url": "https://deployswstore.blob.core.windows.net/swrepo/TaniumSetupClient.exe?sp=racwl&st=2025-09-29T11:03:37Z&se=2025-10-31T19:18:37Z&spr=https&sv=2024-11-04&sr=c&sig=rRsYMXHAvAzEGlSZRcuJ5v5%2BQ3gwr9pahftFdoLqBBQ%3D",
    
        
        "sha256": "05E9ADA305FD0013A6844E7657F06ED330887093E3DF59C11CB528B86EFA3FBF",
    
        
        "authenticode": true
  },
 
   
   {
    "name": "splunkforwarder-9.4.3.msi",
    
        
        "url": "https://deployswstore.blob.core.windows.net/swrepo/splunkforwarder-9.4.3.msi?sp=racwl&st=2025-09-29T11:03:37Z&se=2025-10-31T19:18:37Z&spr=https&sv=2024-11-04&sr=c&sig=rRsYMXHAvAzEGlSZRcuJ5v5%2BQ3gwr9pahftFdoLqBBQ%3D",
    
        
        "sha256": "05E9ADA305FD0013A6844E7657F06ED330887093E3DF59C11CB528B86EFA3FBF",
    
        
        "authenticode": true
  }


]