[
  {
    "name": "NDP481-Web.exe",
    "url": "https://<your-artifacts>/NDP481-Web.exe",
    "sha256": "<SHA256>",
    "authenticode": true
  },
  {
    "name": "vc_redist.x64.exe",
    "url": "https://<your-artifacts>/vc_redist.x64.exe",
    "sha256": "<SHA256>",
    "authenticode": true
  },
  {
    "name": "LGPO.exe",
    "url": "https://<your-artifacts>/LGPO.exe",
    "sha256": "<SHA256>",
    "authenticode": true
  },
  {
    "name": "sql2022-ent.iso",
    "url": "https://<your-artifacts>/sql2022-ent.iso",
    "sha256": "<SHA256>"
  },
  {
    "name": "sql2022-std.iso",
    "url": "https://<your-artifacts>/sql2022-std.iso",
    "sha256": "<SHA256>"
  },
  {
    "name": "sql2022-dev.iso",
    "url": "https://<your-artifacts>/sql2022-dev.iso",
    "sha256": "<SHA256>"
  },
  {
    "name": "sql2022-cu.exe",
    "url": "https://<your-artifacts>/sql2022-cu.exe",
    "sha256": "<SHA256>",
    "authenticode": true
  },
  {
    "name": "CrowdStrikeSensor.exe",
    "url": "https://<your-artifacts>/CrowdStrikeSensor.exe",
    "sha256": "<SHA256>",
    "authenticode": true
  },
  {
    "name": "TaniumSetupClient.exe",
    "url": "https://<your-artifacts>/TaniumSetupClient.exe",
    "sha256": "<SHA256>",
    "authenticode": true
  },
  {
    "name": "SplunkUF.msi",
    "url": "https://<your-artifacts>/SplunkUF.msi",
    "sha256": "<SHA256>",
    "authenticode": true
  }
]