{
  "images": [
    {
      "name": "base-os",
      "version": "2025.09.17",
      "status": "draft"
    },
    {
      "name": "app-sql-dev",
      "version": "2025.09.17",
      "status": "draft"
    },
    {
      "name": "app-sql-ent",
      "version": "2025.09.17",
      "status": "draft"
    },
    {
      "name": "app-qnxt",
      "version": "2025.09.17",
      "status": "draft"
    },
    {
      "name": "rhel9-gen1",
      "version": "2025.09.17",
      "status": "draft"
    },
    {
      "name": "rhel9-gen2",
      "version": "2025.09.17",
      "status": "draft"
    }
  ]
}