{
  "variables": {
    "location": "{{env `AZURE_LOCATION`}}",
    "sig_rg": "SharedServices-Images-RG",
    "sig_name": "AzureOperationsSIG",
    "image_def": "RHEL9-lvm",
    "image_version": "2025.09.09.0",
    "replication_regions": ["northcentralus"],
    "ssh_username": "azureuser"
  },
  "builders": [{
    "type": "azure-arm",
    "use_azure_cli_auth": true,
    "os_type": "Linux",
    "image_publisher": "RedHat",
    "image_offer": "RHEL",
    "image_sku": "9-lvm-gen2",
    "location": "{{user `location`}}",
    "vm_size": "Standard_D2s_v4",
    "ssh_username": "{{user `ssh_username`}}",
    "ssh_pty": true,
    "ssh_private_key_file": "{{env `PACKER_SSH_PRIVATE_KEY`}}",
    "shared_image_gallery_destination": {
      "resource_group": "{{user `sig_rg`}}",
      "gallery_name": "{{user `sig_name`}}",
      "image_name": "{{user `image_def`}}",
      "image_version": "{{user `image_version`}}",
      "replication_regions": "{{user `replication_regions`}}"
    }
  }],
  "provisioners": [
    { "type":"file", "source":"linux/catalog.json", "destination":"/tmp/catalog.json" },
    { "type":"file", "source":"linux/scripts/", "destination":"/tmp/scripts" },
    { "type":"shell", "inline":[ "sudo bash /tmp/scripts/00_prereqs.sh" ] },
    { "type":"shell", "inline":[ "sudo bash /tmp/scripts/10_hardening.sh" ] },
    { "type":"shell", "inline":[ "sudo bash /tmp/scripts/20_catalog_prestage.sh /tmp/catalog.json" ] },
    { "type":"shell", "inline":[ "sudo bash /tmp/scripts/90_cleanup.sh" ] },
    { "type":"shell", "inline":[ "sudo bash /tmp/scripts/99_deprovision.sh" ] }
  ]
}